seller_id,seller_name,seller_city,seller_state,seller_region,seller_since_year
SEL0001,Seller_0001,Bengaluru,RJ,West,2019
SEL0002,Seller_0002,Nagpur,MH,Central,2017
SEL0003,Seller_0003,Coimbatore,KA,East,2015
SEL0004,Seller_0004,Kolkata,DL,South,2020
SEL0005,Seller_0005,Delhi,MP,West,2017
SEL0006,Seller_0006,Bhopal,MH,North,2020
SEL0007,Seller_0007,Ahmedabad,TN,South,2021
SEL0008,Seller_0008,Kochi,GJ,West,2023
SEL0009,Seller_0009,Surat,WB,West,2019
SEL0010,Seller_0010,Nagpur,RJ,North,2015
SEL0011,Seller_0011,Nagpur,UP,East,2017
SEL0012,Seller_0012,Hyderabad,TN,South,2023
SEL0013,Seller_0013,Kolkata,MP,East,2020
SEL0014,Seller_0014,Ahmedabad,TS,Central,2021
SEL0015,Seller_0015,Ahmedabad,KL,North,2019
SEL0016,Seller_0016,Mumbai,WB,Central,2016
SEL0017,Seller_0017,Jaipur,UP,East,2023
SEL0018,Seller_0018,Bengaluru,MP,West,2022
SEL0019,Seller_0019,Coimbatore,UP,East,2024
SEL0020,Seller_0020,Surat,MP,South,2023
SEL0021,Seller_0021,Kochi,WB,West,2017
SEL0022,Seller_0022,Coimbatore,MH,West,2017
SEL0023,Seller_0023,Kolkata,WB,North,2017
SEL0024,Seller_0024,Bhopal,DL,West,2024
SEL0025,Seller_0025,Pune,MP,West,2020
SEL0026,Seller_0026,Kolkata,KA,South,2019
SEL0027,Seller_0027,Kochi,KA,Central,2024
SEL0028,Seller_0028,Kolkata,KA,West,2021
SEL0029,Seller_0029,Delhi,RJ,South,2024
SEL0030,Seller_0030,Ahmedabad,GJ,North,2024
SEL0031,Seller_0031,Nagpur,KL,West,2015
SEL0032,Seller_0032,Hyderabad,TN,South,2018
SEL0033,Seller_0033,Ahmedabad,TS,West,2022
SEL0034,Seller_0034,Bengaluru,MH,East,2023
SEL0035,Seller_0035,Surat,MH,East,2016
SEL0036,Seller_0036,Ahmedabad,TN,North,2018
SEL0037,Seller_0037,Kolkata,KL,West,2020
SEL0038,Seller_0038,Hyderabad,WB,North,2022
SEL0039,Seller_0039,Lucknow,MP,East,2016
SEL0040,Seller_0040,Surat,DL,Central,2021
SEL0041,Seller_0041,Bhopal,DL,Central,2017
SEL0042,Seller_0042,Pune,MP,Central,2017
SEL0043,Seller_0043,Bengaluru,DL,Central,2020
SEL0044,Seller_0044,Indore,MH,East,2019
SEL0045,Seller_0045,Surat,TN,South,2021
SEL0046,Seller_0046,Coimbatore,KL,Central,2018
SEL0047,Seller_0047,Delhi,RJ,Central,2023
SEL0048,Seller_0048,Chennai,DL,Central,2015
SEL0049,Seller_0049,Nagpur,MP,West,2023
SEL0050,Seller_0050,Indore,MP,North,2015
SEL0051,Seller_0051,Pune,UP,East,2022
SEL0052,Seller_0052,Nagpur,MP,East,2018
SEL0053,Seller_0053,Indore,KA,Central,2018
SEL0054,Seller_0054,Pune,KL,South,2015
SEL0055,Seller_0055,Kochi,TS,South,2022
SEL0056,Seller_0056,Chennai,UP,North,2016
SEL0057,Seller_0057,Hyderabad,GJ,Central,2021
SEL0058,Seller_0058,Surat,UP,West,2022
SEL0059,Seller_0059,Surat,GJ,North,2023
SEL0060,Seller_0060,Bengaluru,RJ,East,2022
SEL0061,Seller_0061,Indore,GJ,East,2018
SEL0062,Seller_0062,Hyderabad,UP,East,2022
SEL0063,Seller_0063,Nagpur,UP,Central,2023
SEL0064,Seller_0064,Mumbai,DL,North,2018
SEL0065,Seller_0065,Nagpur,MP,South,2016
SEL0066,Seller_0066,Nagpur,WB,North,2023
SEL0067,Seller_0067,Nagpur,TS,South,2016
SEL0068,Seller_0068,Surat,WB,Central,2020
SEL0069,Seller_0069,Ahmedabad,KL,Central,2017
SEL0070,Seller_0070,Coimbatore,MP,North,2016
SEL0071,Seller_0071,Chennai,MP,West,2022
SEL0072,Seller_0072,Nagpur,WB,South,2016
SEL0073,Seller_0073,Jaipur,UP,North,2021
SEL0074,Seller_0074,Ahmedabad,TN,South,2021
SEL0075,Seller_0075,Jaipur,RJ,North,2015
SEL0076,Seller_0076,Lucknow,RJ,East,2016
SEL0077,Seller_0077,Mumbai,KA,Central,2022
SEL0078,Seller_0078,Bengaluru,KA,East,2020
SEL0079,Seller_0079,Hyderabad,MH,West,2016
SEL0080,Seller_0080,Delhi,DL,East,2024
SEL0081,Seller_0081,Ahmedabad,TN,North,2017
SEL0082,Seller_0082,Surat,WB,North,2015
SEL0083,Seller_0083,Surat,DL,South,2024
SEL0084,Seller_0084,Ahmedabad,TN,South,2015
SEL0085,Seller_0085,Indore,GJ,Central,2020
SEL0086,Seller_0086,Lucknow,KA,Central,2024
SEL0087,Seller_0087,Delhi,TS,Central,2020
SEL0088,Seller_0088,Nagpur,TN,West,2020
SEL0089,Seller_0089,Lucknow,WB,East,2018
SEL0090,Seller_0090,Surat,TN,West,2016
SEL0091,Seller_0091,Lucknow,UP,East,2020
SEL0092,Seller_0092,Jaipur,TS,West,2023
SEL0093,Seller_0093,Delhi,TN,West,2015
SEL0094,Seller_0094,Jaipur,TN,West,2023
SEL0095,Seller_0095,Nagpur,KA,West,2019
SEL0096,Seller_0096,Chennai,RJ,North,2020
SEL0097,Seller_0097,Lucknow,KA,West,2016
SEL0098,Seller_0098,Mumbai,TS,South,2021
SEL0099,Seller_0099,Kolkata,UP,West,2016
SEL0100,Seller_0100,Pune,KL,East,2017
SEL0101,Seller_0101,Bhopal,RJ,Central,2022
SEL0102,Seller_0102,Hyderabad,KL,South,2015
SEL0103,Seller_0103,Chennai,MP,Central,2019
SEL0104,Seller_0104,Pune,WB,Central,2020
SEL0105,Seller_0105,Bhopal,UP,South,2016
SEL0106,Seller_0106,Indore,TS,East,2017
SEL0107,Seller_0107,Mumbai,WB,East,2018
SEL0108,Seller_0108,Hyderabad,WB,West,2021
SEL0109,Seller_0109,Indore,KL,West,2024
SEL0110,Seller_0110,Mumbai,MP,Central,2023
SEL0111,Seller_0111,Indore,WB,South,2016
SEL0112,Seller_0112,Chennai,RJ,East,2015
SEL0113,Seller_0113,Kochi,KA,East,2015
SEL0114,Seller_0114,Chennai,UP,Central,2020
SEL0115,Seller_0115,Pune,GJ,South,2016
SEL0116,Seller_0116,Surat,WB,East,2017
SEL0117,Seller_0117,Bengaluru,UP,North,2023
SEL0118,Seller_0118,Jaipur,GJ,Central,2023
SEL0119,Seller_0119,Jaipur,MH,South,2023
SEL0120,Seller_0120,Nagpur,TS,South,2017
SEL0121,Seller_0121,Bhopal,DL,East,2021
SEL0122,Seller_0122,Surat,UP,East,2021
SEL0123,Seller_0123,Pune,MH,Central,2016
SEL0124,Seller_0124,Pune,KA,East,2020
SEL0125,Seller_0125,Pune,GJ,East,2020
SEL0126,Seller_0126,Indore,RJ,North,2018
SEL0127,Seller_0127,Kolkata,WB,North,2022
SEL0128,Seller_0128,Bengaluru,MP,South,2021
SEL0129,Seller_0129,Kolkata,KL,Central,2020
SEL0130,Seller_0130,Mumbai,DL,Central,2022
SEL0131,Seller_0131,Delhi,KL,West,2022
SEL0132,Seller_0132,Delhi,GJ,West,2020
SEL0133,Seller_0133,Nagpur,GJ,South,2017
SEL0134,Seller_0134,Coimbatore,DL,North,2022
SEL0135,Seller_0135,Coimbatore,GJ,North,2022
SEL0136,Seller_0136,Ahmedabad,RJ,South,2024
SEL0137,Seller_0137,Coimbatore,GJ,South,2016
SEL0138,Seller_0138,Bengaluru,MH,North,2019
SEL0139,Seller_0139,Kochi,WB,South,2024
SEL0140,Seller_0140,Jaipur,KL,North,2020
SEL0141,Seller_0141,Bhopal,RJ,West,2024
SEL0142,Seller_0142,Bengaluru,DL,Central,2015
SEL0143,Seller_0143,Ahmedabad,KL,West,2015
SEL0144,Seller_0144,Coimbatore,KL,East,2022
SEL0145,Seller_0145,Ahmedabad,DL,East,2018
SEL0146,Seller_0146,Ahmedabad,UP,South,2020
SEL0147,Seller_0147,Bengaluru,TN,North,2019
SEL0148,Seller_0148,Pune,GJ,East,2019
SEL0149,Seller_0149,Hyderabad,TN,East,2024
SEL0150,Seller_0150,Chennai,UP,North,2015
SEL0151,Seller_0151,Surat,KL,East,2022
SEL0152,Seller_0152,Surat,UP,South,2023
SEL0153,Seller_0153,Lucknow,KL,North,2021
SEL0154,Seller_0154,Kolkata,KL,West,2018
SEL0155,Seller_0155,Bhopal,MH,East,2016
SEL0156,Seller_0156,Delhi,KA,West,2021
SEL0157,Seller_0157,Kolkata,RJ,West,2019
SEL0158,Seller_0158,Delhi,GJ,Central,2016
SEL0159,Seller_0159,Kolkata,MH,Central,2018
SEL0160,Seller_0160,Bhopal,DL,West,2024
SEL0161,Seller_0161,Kolkata,WB,Central,2017
SEL0162,Seller_0162,Kochi,GJ,East,2016
SEL0163,Seller_0163,Ahmedabad,DL,Central,2021
SEL0164,Seller_0164,Coimbatore,DL,West,2016
SEL0165,Seller_0165,Ahmedabad,DL,West,2024
SEL0166,Seller_0166,Chennai,GJ,Central,2023
SEL0167,Seller_0167,Nagpur,MH,East,2024
SEL0168,Seller_0168,Bhopal,GJ,West,2024
SEL0169,Seller_0169,Chennai,WB,South,2017
SEL0170,Seller_0170,Nagpur,WB,Central,2017
SEL0171,Seller_0171,Chennai,RJ,West,2018
SEL0172,Seller_0172,Coimbatore,WB,West,2019
SEL0173,Seller_0173,Nagpur,UP,East,2023
SEL0174,Seller_0174,Ahmedabad,UP,Central,2022
SEL0175,Seller_0175,Coimbatore,KL,North,2021
SEL0176,Seller_0176,Chennai,UP,North,2023
SEL0177,Seller_0177,Delhi,WB,East,2021
SEL0178,Seller_0178,Delhi,WB,West,2018
SEL0179,Seller_0179,Ahmedabad,KA,Central,2019
SEL0180,Seller_0180,Kochi,GJ,East,2020
SEL0181,Seller_0181,Bengaluru,DL,West,2015
SEL0182,Seller_0182,Ahmedabad,KL,East,2022
SEL0183,Seller_0183,Coimbatore,MP,Central,2021
SEL0184,Seller_0184,Hyderabad,DL,West,2022
SEL0185,Seller_0185,Coimbatore,UP,East,2020
SEL0186,Seller_0186,Chennai,DL,Central,2022
SEL0187,Seller_0187,Nagpur,RJ,North,2024
SEL0188,Seller_0188,Lucknow,MH,Central,2020
SEL0189,Seller_0189,Jaipur,WB,North,2019
SEL0190,Seller_0190,Bengaluru,RJ,South,2016
SEL0191,Seller_0191,Ahmedabad,UP,Central,2022
SEL0192,Seller_0192,Indore,TN,West,2024
SEL0193,Seller_0193,Mumbai,KL,Central,2021
SEL0194,Seller_0194,Nagpur,UP,West,2023
SEL0195,Seller_0195,Ahmedabad,KA,West,2023
SEL0196,Seller_0196,Coimbatore,RJ,South,2022
SEL0197,Seller_0197,Surat,UP,North,2020
SEL0198,Seller_0198,Pune,TS,North,2015
SEL0199,Seller_0199,Chennai,UP,South,2015
SEL0200,Seller_0200,Surat,MP,North,2017
SEL0201,Seller_0201,Bengaluru,UP,East,2019
SEL0202,Seller_0202,Lucknow,UP,West,2022
SEL0203,Seller_0203,Delhi,GJ,Central,2019
SEL0204,Seller_0204,Surat,KA,East,2015
SEL0205,Seller_0205,Surat,UP,Central,2017
SEL0206,Seller_0206,Delhi,TN,Central,2024
SEL0207,Seller_0207,Nagpur,WB,Central,2024
SEL0208,Seller_0208,Pune,TS,East,2018
SEL0209,Seller_0209,Nagpur,TS,South,2023
SEL0210,Seller_0210,Mumbai,DL,Central,2022
SEL0211,Seller_0211,Bengaluru,KL,South,2024
SEL0212,Seller_0212,Ahmedabad,DL,East,2023
SEL0213,Seller_0213,Hyderabad,MH,North,2021
SEL0214,Seller_0214,Kolkata,KL,West,2018
SEL0215,Seller_0215,Surat,GJ,West,2021
SEL0216,Seller_0216,Bengaluru,TN,North,2018
SEL0217,Seller_0217,Surat,UP,South,2018
SEL0218,Seller_0218,Delhi,TN,East,2021
SEL0219,Seller_0219,Bengaluru,DL,East,2020
SEL0220,Seller_0220,Lucknow,UP,Central,2020
SEL0221,Seller_0221,Nagpur,DL,South,2018
SEL0222,Seller_0222,Bengaluru,GJ,Central,2019
SEL0223,Seller_0223,Chennai,KL,East,2015
SEL0224,Seller_0224,Kochi,KL,Central,2021
SEL0225,Seller_0225,Bhopal,TS,South,2020
SEL0226,Seller_0226,Lucknow,UP,North,2024
SEL0227,Seller_0227,Ahmedabad,GJ,North,2020
SEL0228,Seller_0228,Kolkata,WB,South,2019
SEL0229,Seller_0229,Lucknow,DL,Central,2015
SEL0230,Seller_0230,Lucknow,TN,North,2016
SEL0231,Seller_0231,Chennai,RJ,South,2018
SEL0232,Seller_0232,Mumbai,KL,North,2018
SEL0233,Seller_0233,Bengaluru,MH,Central,2018
SEL0234,Seller_0234,Bhopal,RJ,West,2018
SEL0235,Seller_0235,Pune,MP,West,2022
SEL0236,Seller_0236,Ahmedabad,KL,West,2016
SEL0237,Seller_0237,Ahmedabad,TN,West,2018
SEL0238,Seller_0238,Nagpur,DL,West,2016
SEL0239,Seller_0239,Delhi,KA,North,2018
SEL0240,Seller_0240,Delhi,MP,Central,2021
SEL0241,Seller_0241,Chennai,MP,West,2015
SEL0242,Seller_0242,Ahmedabad,RJ,West,2018
SEL0243,Seller_0243,Surat,DL,South,2015
SEL0244,Seller_0244,Ahmedabad,DL,Central,2024
SEL0245,Seller_0245,Ahmedabad,WB,South,2022
SEL0246,Seller_0246,Bhopal,GJ,North,2017
SEL0247,Seller_0247,Bengaluru,MH,Central,2016
SEL0248,Seller_0248,Lucknow,RJ,South,2015
SEL0249,Seller_0249,Jaipur,WB,North,2019
SEL0250,Seller_0250,Ahmedabad,MH,West,2022
SEL0251,Seller_0251,Nagpur,DL,South,2020
SEL0252,Seller_0252,Chennai,TN,Central,2023
SEL0253,Seller_0253,Bhopal,RJ,East,2018
SEL0254,Seller_0254,Kolkata,MP,North,2017
SEL0255,Seller_0255,Jaipur,TN,Central,2019
SEL0256,Seller_0256,Jaipur,TS,East,2017
SEL0257,Seller_0257,Indore,KL,South,2024
SEL0258,Seller_0258,Ahmedabad,WB,West,2016
SEL0259,Seller_0259,Chennai,TS,East,2019
SEL0260,Seller_0260,Mumbai,TN,North,2020
SEL0261,Seller_0261,Kolkata,MH,West,2015
SEL0262,Seller_0262,Indore,TS,East,2019
SEL0263,Seller_0263,Mumbai,WB,West,2019
SEL0264,Seller_0264,Kochi,KL,Central,2017
SEL0265,Seller_0265,Jaipur,UP,West,2016
SEL0266,Seller_0266,Bengaluru,UP,West,2015
SEL0267,Seller_0267,Chennai,WB,South,2015
SEL0268,Seller_0268,Jaipur,DL,South,2019
SEL0269,Seller_0269,Kolkata,TN,East,2015
SEL0270,Seller_0270,Delhi,KL,Central,2024
SEL0271,Seller_0271,Surat,MH,East,2017
SEL0272,Seller_0272,Surat,MP,South,2021
SEL0273,Seller_0273,Delhi,RJ,West,2021
SEL0274,Seller_0274,Chennai,TS,Central,2019
SEL0275,Seller_0275,Hyderabad,UP,Central,2023
SEL0276,Seller_0276,Surat,MP,South,2016
SEL0277,Seller_0277,Coimbatore,MH,West,2017
SEL0278,Seller_0278,Coimbatore,DL,East,2017
SEL0279,Seller_0279,Bhopal,RJ,East,2016
SEL0280,Seller_0280,Nagpur,KL,South,2017
SEL0281,Seller_0281,Kolkata,MH,North,2018
SEL0282,Seller_0282,Delhi,RJ,South,2022
SEL0283,Seller_0283,Lucknow,DL,East,2018
SEL0284,Seller_0284,Kochi,RJ,Central,2023
SEL0285,Seller_0285,Bhopal,GJ,Central,2022
SEL0286,Seller_0286,Hyderabad,MH,North,2024
SEL0287,Seller_0287,Hyderabad,RJ,West,2016
SEL0288,Seller_0288,Mumbai,MP,North,2024
SEL0289,Seller_0289,Bengaluru,MP,West,2021
SEL0290,Seller_0290,Jaipur,MH,South,2024
SEL0291,Seller_0291,Jaipur,KA,East,2018
SEL0292,Seller_0292,Kolkata,KA,West,2024
SEL0293,Seller_0293,Chennai,TN,East,2020
SEL0294,Seller_0294,Indore,DL,Central,2015
SEL0295,Seller_0295,Ahmedabad,MP,East,2019
SEL0296,Seller_0296,Nagpur,UP,Central,2016
SEL0297,Seller_0297,Bhopal,UP,West,2024
SEL0298,Seller_0298,Kolkata,KA,South,2018
SEL0299,Seller_0299,Hyderabad,MH,West,2017
SEL0300,Seller_0300,Bhopal,KL,East,2020
SEL0301,Seller_0301,Surat,TS,East,2019
SEL0302,Seller_0302,Chennai,RJ,North,2015
SEL0303,Seller_0303,Lucknow,KL,North,2023
SEL0304,Seller_0304,Jaipur,MH,East,2023
SEL0305,Seller_0305,Kochi,MH,North,2022
SEL0306,Seller_0306,Chennai,MH,Central,2021
SEL0307,Seller_0307,Bhopal,DL,Central,2019
SEL0308,Seller_0308,Kochi,MH,West,2020
SEL0309,Seller_0309,Bengaluru,MP,West,2020
SEL0310,Seller_0310,Bengaluru,GJ,East,2016
SEL0311,Seller_0311,Jaipur,KL,North,2015
SEL0312,Seller_0312,Mumbai,UP,South,2017
SEL0313,Seller_0313,Chennai,KL,East,2019
SEL0314,Seller_0314,Pune,KA,Central,2016
SEL0315,Seller_0315,Bhopal,TS,South,2016
SEL0316,Seller_0316,Bhopal,MP,East,2023
SEL0317,Seller_0317,Bengaluru,KA,South,2018
SEL0318,Seller_0318,Kochi,MH,North,2020
SEL0319,Seller_0319,Delhi,RJ,North,2020
SEL0320,Seller_0320,Coimbatore,UP,South,2022
SEL0321,Seller_0321,Indore,KL,North,2022
SEL0322,Seller_0322,Kochi,KL,North,2017
SEL0323,Seller_0323,Hyderabad,DL,South,2023
SEL0324,Seller_0324,Kochi,UP,South,2018
SEL0325,Seller_0325,Delhi,MP,East,2023
SEL0326,Seller_0326,Jaipur,RJ,North,2019
SEL0327,Seller_0327,Ahmedabad,MP,South,2016
SEL0328,Seller_0328,Kolkata,MP,East,2022
SEL0329,Seller_0329,Mumbai,TN,Central,2015
SEL0330,Seller_0330,Nagpur,MH,West,2022
SEL0331,Seller_0331,Kolkata,WB,Central,2015
SEL0332,Seller_0332,Surat,KA,South,2017
SEL0333,Seller_0333,Pune,DL,East,2021
SEL0334,Seller_0334,Kolkata,DL,East,2024
SEL0335,Seller_0335,Kochi,RJ,Central,2019
SEL0336,Seller_0336,Delhi,WB,Central,2016
SEL0337,Seller_0337,Coimbatore,WB,Central,2017
SEL0338,Seller_0338,Coimbatore,UP,West,2023
SEL0339,Seller_0339,Pune,GJ,East,2022
SEL0340,Seller_0340,Chennai,GJ,East,2016
SEL0341,Seller_0341,Mumbai,MH,Central,2018
SEL0342,Seller_0342,Kochi,MP,South,2017
SEL0343,Seller_0343,Bhopal,TN,South,2016
SEL0344,Seller_0344,Hyderabad,DL,Central,2023
SEL0345,Seller_0345,Mumbai,UP,South,2021
SEL0346,Seller_0346,Delhi,UP,South,2016
SEL0347,Seller_0347,Delhi,MH,East,2021
SEL0348,Seller_0348,Indore,KA,South,2019
SEL0349,Seller_0349,Kochi,MH,Central,2015
SEL0350,Seller_0350,Bengaluru,KA,Central,2019
SEL0351,Seller_0351,Coimbatore,DL,South,2016
SEL0352,Seller_0352,Bengaluru,RJ,East,2017
SEL0353,Seller_0353,Kolkata,WB,Central,2023
SEL0354,Seller_0354,Lucknow,KL,West,2022
SEL0355,Seller_0355,Coimbatore,UP,South,2016
SEL0356,Seller_0356,Indore,GJ,East,2023
SEL0357,Seller_0357,Mumbai,WB,West,2020
SEL0358,Seller_0358,Hyderabad,MH,West,2023
SEL0359,Seller_0359,Chennai,MH,North,2022
SEL0360,Seller_0360,Chennai,GJ,South,2018
SEL0361,Seller_0361,Bhopal,MH,Central,2020
SEL0362,Seller_0362,Nagpur,MH,South,2020
SEL0363,Seller_0363,Kolkata,KA,South,2022
SEL0364,Seller_0364,Bhopal,MP,South,2017
SEL0365,Seller_0365,Ahmedabad,WB,North,2018
SEL0366,Seller_0366,Jaipur,RJ,North,2017
SEL0367,Seller_0367,Pune,TN,South,2017
SEL0368,Seller_0368,Bengaluru,DL,Central,2016
SEL0369,Seller_0369,Kochi,TN,North,2015
SEL0370,Seller_0370,Mumbai,DL,South,2024
SEL0371,Seller_0371,Bengaluru,UP,North,2015
SEL0372,Seller_0372,Hyderabad,KA,East,2023
SEL0373,Seller_0373,Chennai,TN,South,2015
SEL0374,Seller_0374,Bengaluru,KL,West,2022
SEL0375,Seller_0375,Mumbai,GJ,East,2018
SEL0376,Seller_0376,Surat,WB,West,2020
SEL0377,Seller_0377,Bhopal,WB,West,2017
SEL0378,Seller_0378,Delhi,UP,East,2019
SEL0379,Seller_0379,Chennai,KA,Central,2019
SEL0380,Seller_0380,Jaipur,RJ,East,2020
SEL0381,Seller_0381,Kochi,MP,Central,2018
SEL0382,Seller_0382,Coimbatore,GJ,Central,2020
SEL0383,Seller_0383,Nagpur,TN,East,2023
SEL0384,Seller_0384,Lucknow,DL,West,2019
SEL0385,Seller_0385,Pune,KA,South,2018
SEL0386,Seller_0386,Hyderabad,KL,Central,2016
SEL0387,Seller_0387,Indore,WB,West,2018
SEL0388,Seller_0388,Nagpur,TS,Central,2016
SEL0389,Seller_0389,Mumbai,TN,South,2016
SEL0390,Seller_0390,Coimbatore,GJ,West,2024
SEL0391,Seller_0391,Delhi,WB,East,2015
SEL0392,Seller_0392,Coimbatore,RJ,North,2019
SEL0393,Seller_0393,Indore,KA,North,2023
SEL0394,Seller_0394,Bengaluru,RJ,East,2024
SEL0395,Seller_0395,Pune,TN,South,2016
SEL0396,Seller_0396,Delhi,KL,North,2016
SEL0397,Seller_0397,Lucknow,DL,East,2018
SEL0398,Seller_0398,Kochi,DL,West,2020
SEL0399,Seller_0399,Delhi,WB,South,2024
SEL0400,Seller_0400,Pune,WB,Central,2017
SEL0401,Seller_0401,Bhopal,RJ,West,2016
SEL0402,Seller_0402,Chennai,TN,East,2017
SEL0403,Seller_0403,Bengaluru,KL,Central,2023
SEL0404,Seller_0404,Ahmedabad,WB,East,2015
SEL0405,Seller_0405,Jaipur,DL,North,2018
SEL0406,Seller_0406,Surat,DL,North,2016
SEL0407,Seller_0407,Kolkata,KL,Central,2016
SEL0408,Seller_0408,Bhopal,DL,Central,2024
SEL0409,Seller_0409,Jaipur,KL,West,2015
SEL0410,Seller_0410,Chennai,TS,North,2018
SEL0411,Seller_0411,Bhopal,DL,South,2024
SEL0412,Seller_0412,Kochi,TS,North,2021
SEL0413,Seller_0413,Ahmedabad,GJ,North,2015
SEL0414,Seller_0414,Mumbai,TN,South,2019
SEL0415,Seller_0415,Lucknow,UP,East,2024
SEL0416,Seller_0416,Jaipur,GJ,North,2019
SEL0417,Seller_0417,Bengaluru,TN,Central,2020
SEL0418,Seller_0418,Surat,GJ,East,2020
SEL0419,Seller_0419,Indore,KL,South,2021
SEL0420,Seller_0420,Delhi,TN,East,2016
SEL0421,Seller_0421,Coimbatore,DL,West,2023
SEL0422,Seller_0422,Bengaluru,TN,South,2024
SEL0423,Seller_0423,Coimbatore,MP,North,2016
SEL0424,Seller_0424,Pune,KA,North,2023
SEL0425,Seller_0425,Mumbai,KL,Central,2023
SEL0426,Seller_0426,Bhopal,GJ,North,2022
SEL0427,Seller_0427,Bengaluru,GJ,West,2018
SEL0428,Seller_0428,Lucknow,TS,South,2019
SEL0429,Seller_0429,Bengaluru,KL,West,2023
SEL0430,Seller_0430,Kochi,MH,North,2016
SEL0431,Seller_0431,Coimbatore,TS,Central,2023
SEL0432,Seller_0432,Nagpur,TN,West,2024
SEL0433,Seller_0433,Pune,WB,East,2021
SEL0434,Seller_0434,Ahmedabad,WB,South,2018
SEL0435,Seller_0435,Surat,DL,Central,2020
SEL0436,Seller_0436,Nagpur,KA,South,2015
SEL0437,Seller_0437,Indore,DL,East,2024
SEL0438,Seller_0438,Mumbai,GJ,South,2018
SEL0439,Seller_0439,Surat,TS,South,2015
SEL0440,Seller_0440,Delhi,GJ,East,2022
SEL0441,Seller_0441,Chennai,GJ,North,2021
SEL0442,Seller_0442,Indore,RJ,North,2021
SEL0443,Seller_0443,Chennai,GJ,South,2015
SEL0444,Seller_0444,Nagpur,RJ,North,2022
SEL0445,Seller_0445,Ahmedabad,GJ,East,2021
SEL0446,Seller_0446,Hyderabad,RJ,Central,2022
SEL0447,Seller_0447,Kolkata,GJ,North,2023
SEL0448,Seller_0448,Jaipur,TS,North,2017
SEL0449,Seller_0449,Nagpur,KA,North,2017
SEL0450,Seller_0450,Lucknow,UP,East,2024
SEL0451,Seller_0451,Kochi,TS,South,2020
SEL0452,Seller_0452,Indore,GJ,East,2019
SEL0453,Seller_0453,Nagpur,KA,North,2017
SEL0454,Seller_0454,Lucknow,TN,South,2021
SEL0455,Seller_0455,Chennai,WB,East,2022
SEL0456,Seller_0456,Pune,GJ,East,2015
SEL0457,Seller_0457,Delhi,WB,East,2020
SEL0458,Seller_0458,Kolkata,TS,West,2024
SEL0459,Seller_0459,Kochi,KL,East,2017
SEL0460,Seller_0460,Pune,WB,Central,2017
SEL0461,Seller_0461,Delhi,UP,East,2023
SEL0462,Seller_0462,Surat,UP,South,2015
SEL0463,Seller_0463,Bhopal,GJ,South,2018
SEL0464,Seller_0464,Indore,MP,South,2019
SEL0465,Seller_0465,Chennai,DL,East,2022
SEL0466,Seller_0466,Ahmedabad,KL,South,2016
SEL0467,Seller_0467,Jaipur,MP,Central,2019
SEL0468,Seller_0468,Hyderabad,WB,East,2016
SEL0469,Seller_0469,Chennai,UP,Central,2022
SEL0470,Seller_0470,Hyderabad,WB,West,2021
SEL0471,Seller_0471,Bhopal,KA,South,2019
SEL0472,Seller_0472,Coimbatore,UP,South,2018
SEL0473,Seller_0473,Indore,KA,West,2016
SEL0474,Seller_0474,Indore,TS,South,2024
SEL0475,Seller_0475,Bhopal,WB,South,2021
SEL0476,Seller_0476,Delhi,MP,Central,2018
SEL0477,Seller_0477,Kochi,TN,East,2019
SEL0478,Seller_0478,Delhi,WB,North,2022
SEL0479,Seller_0479,Ahmedabad,MH,East,2022
SEL0480,Seller_0480,Lucknow,DL,East,2019
SEL0481,Seller_0481,Kolkata,MH,Central,2018
SEL0482,Seller_0482,Bengaluru,MH,West,2021
SEL0483,Seller_0483,Hyderabad,MP,North,2021
SEL0484,Seller_0484,Indore,MP,North,2020
SEL0485,Seller_0485,Kolkata,MP,West,2015
SEL0486,Seller_0486,Chennai,MH,North,2019
SEL0487,Seller_0487,Kochi,MH,South,2021
SEL0488,Seller_0488,Bengaluru,TS,North,2024
SEL0489,Seller_0489,Kochi,GJ,North,2020
SEL0490,Seller_0490,Kochi,TS,Central,2018
SEL0491,Seller_0491,Lucknow,WB,North,2020
SEL0492,Seller_0492,Bengaluru,DL,North,2016
SEL0493,Seller_0493,Bengaluru,UP,Central,2015
SEL0494,Seller_0494,Chennai,TS,North,2021
SEL0495,Seller_0495,Lucknow,MH,Central,2024
SEL0496,Seller_0496,Bengaluru,UP,North,2023
SEL0497,Seller_0497,Ahmedabad,MP,North,2020
SEL0498,Seller_0498,Delhi,MH,North,2015
SEL0499,Seller_0499,Jaipur,TN,West,2024
SEL0500,Seller_0500,Mumbai,MP,West,2019
